{
  "main_results": {
    "No Defense": {
      "ID_ASR": {
        "PAIR": 94.76190476190476,
        "GCG": 98.57142857142858,
        "PAP": 96.66666666666667,
        "Mean": 96.66666666666667
      },
      "OOD_ASR": {
        "PAIR": 94.28571428571428,
        "GCG": 98.09523809523809,
        "PAP": 97.61904761904762,
        "AutoDAN": 99.28571428571429,
        "Mean": 97.32142857142857
      },
      "ID_Benign_Total": 100.0,
      "OOD_Benign_Total": 100.0
    },
    "Safety Instruction": {
      "ID_ASR": {
        "PAIR": 23.809523809523807,
        "GCG": 42.61904761904762,
        "PAP": 35.476190476190474,
        "Mean": 33.96825396825397
      },
      "OOD_ASR": {
        "PAIR": 34.04761904761905,
        "GCG": 54.52380952380952,
        "PAP": 49.28571428571429,
        "AutoDAN": 60.476190476190474,
        "Mean": 49.583333333333336
      },
      "ID_Benign_Total": 100.0,
      "OOD_Benign_Total": 100.0
    },
    "SafeLogo only": {
      "ID_ASR": {
        "PAIR": 92.85714285714286,
        "GCG": 96.9047619047619,
        "PAP": 95.23809523809523,
        "Mean": 95.0
      },
      "OOD_ASR": {
        "PAIR": 92.14285714285714,
        "GCG": 97.38095238095238,
        "PAP": 97.14285714285714,
        "AutoDAN": 98.80952380952381,
        "Mean": 96.36904761904762
      },
      "ID_Benign_Total": 98.34365985477463,
      "OOD_Benign_Total": 98.4239932465833
    },
    "SI + SafeLogo": {
      "ID_ASR": {
        "PAIR": 19.047619047619047,
        "GCG": 37.38095238095238,
        "PAP": 32.61904761904762,
        "Mean": 29.682539682539684
      },
      "OOD_ASR": {
        "PAIR": 29.523809523809526,
        "GCG": 48.57142857142857,
        "PAP": 45.0,
        "AutoDAN": 55.952380952380956,
        "Mean": 44.761904761904766
      },
      "ID_Benign_Total": 98.34365985477463,
      "OOD_Benign_Total": 98.4239932465833
    }
  },
  "ablation_weight": [
    [
      0.5,
      25.07936507936508,
      99.16151172500265
    ],
    [
      0.95,
      25.07936507936508,
      99.16151172500265
    ],
    [
      0.98,
      25.07936507936508,
      99.16151172500265
    ],
    [
      0.99,
      25.07936507936508,
      99.16151172500265
    ]
  ],
  "ablation_coverage": [
    [
      0.01,
      19.20634920634921,
      99.71228040889845
    ],
    [
      0.04,
      8.333333333333332,
      98.45497859234989
    ],
    [
      0.09,
      0.7936507936507936,
      95.97679516776755
    ],
    [
      0.16,
      0.0,
      95.05054460335526
    ]
  ],
  "ablation_epsilon": [
    [
      0.25098039215686274,
      12.698412698412698,
      97.58450975138184
    ],
    [
      0.3764705882352941,
      6.904761904761905,
      96.376749584282
    ],
    [
      0.5019607843137255,
      3.4126984126984126,
      95.16920604646533
    ],
    [
      1.0,
      0.07936507936507936,
      90.38223603786275
    ]
  ],
  "noise_robustness": {
    "noise_grid": [
      0.0,
      0.02,
      0.05,
      0.1,
      0.15
    ],
    "si_only_asr": [
      33.96825396825397,
      34.12698412698413,
      34.44444444444444,
      34.523809523809526,
      33.88888888888889
    ],
    "si_logo_asr": [
      29.682539682539684,
      29.92063492063492,
      30.238095238095237,
      28.57142857142857,
      28.888888888888886
    ]
  },
  "ood_asr": {
    "si_only": {
      "PAIR": 34.04761904761905,
      "GCG": 54.52380952380952,
      "PAP": 49.28571428571429,
      "AutoDAN": 60.476190476190474,
      "Mean": 49.583333333333336
    },
    "si_logo": {
      "PAIR": 29.523809523809526,
      "GCG": 48.57142857142857,
      "PAP": 45.0,
      "AutoDAN": 55.952380952380956,
      "Mean": 44.761904761904766
    }
  },
  "lr_sensitivity": {
    "lr_grid": [
      0.15,
      0.35,
      0.55,
      0.85,
      1.2
    ],
    "asr": [
      18.174603174603174,
      18.174603174603174,
      18.174603174603174,
      18.174603174603174,
      18.174603174603174
    ],
    "benign_retention": [
      96.766615008172,
      96.1505154653513,
      96.1505154653513,
      96.1505154653513,
      96.1505154653513
    ]
  }
}