{
  "meta": {
    "dataset_jsonl": "server_realtest_v2/dataset_realtest.jsonl",
    "orig_setting": "no_defense",
    "logo_setting": "safelogo_only",
    "num_pairs": 52,
    "lpips_enabled": false,
    "thresholds": {
      "psnr_min": 28.0,
      "ssim_min": 0.9,
      "lpips_max": 0.2
    },
    "elapsed_sec": 0.976464033126831
  },
  "overall": {
    "PSNR": {
      "mean": 24.858431101440928,
      "std": 1.8554534174590644,
      "min": 21.266538381284423,
      "max": 30.656283309693496
    },
    "SSIM": {
      "mean": 0.9537976460597235,
      "std": 0.03776558347486738,
      "min": 0.8120742009295091,
      "max": 0.993922474948736
    },
    "L2Proxy": {
      "mean": 0.05842437014843409,
      "std": 0.01186006899881234,
      "min": 0.029321476817131042,
      "max": 0.08643170446157455
    },
    "QualityPassRate": 3.8461538461538463
  },
  "by_split": {
    "id": {
      "PSNR": {
        "mean": 24.61250904263206,
        "std": 1.6661276839074048,
        "min": 22.248149082458152,
        "max": 27.921550648119762
      },
      "SSIM": {
        "mean": 0.9415992504694274,
        "std": 0.04488340670728574,
        "min": 0.8120742009295091,
        "max": 0.989342598516169
      },
      "L2Proxy": {
        "mean": 0.05986186016637545,
        "std": 0.011040144363389435,
        "min": 0.04017191007733345,
        "max": 0.07719559967517853
      },
      "QualityPassRate": 0.0
    },
    "ood": {
      "PSNR": {
        "mean": 25.104353160249804,
        "std": 1.9971174205891846,
        "min": 21.266538381284423,
        "max": 30.656283309693496
      },
      "SSIM": {
        "mean": 0.9659960416500191,
        "std": 0.0232455734020057,
        "min": 0.9045020543190032,
        "max": 0.993922474948736
      },
      "L2Proxy": {
        "mean": 0.056986880130492724,
        "std": 0.012462139890297232,
        "min": 0.029321476817131042,
        "max": 0.08643170446157455
      },
      "QualityPassRate": 7.6923076923076925
    }
  }
}