SourceCumHAR,SourceRoundAmbiguousRate,TargetCumHAR,TargetRoundAmbiguousRate,budget_round,n_cases
92.3076923076923,0.0,54.80769230769231,0.0,1,208
92.3076923076923,0.0,55.28846153846154,0.0,2,208
92.3076923076923,0.0,65.86538461538461,0.0,3,208
